Fecha,Serial_POS,Merch_id,Depositos Procesadas,Depositos Rechazados,Retiros Procesadas,Retiros Rechazados,Giros Emision Procesadas,Giros Cobro Procesadas,Giros Rechazados 01,Giros Rechazados 02,Consultas Procesadas,Consultas Rechazadas
03/03/2021,9220086367,H988863,1,3,4,0,0,1,0,0,4,1
03/03/2021,9220086368,H988864,3,0,1,0,0,0,0,0,4,2
03/03/2021,9220086374,H988900,7,2,0,0,1,0,2,0,2,0
03/03/2021,9220086376,H988979,28,5,19,9,2,3,1,2,2,0
03/03/2021,9220086383,H988803,5,3,3,1,0,0,0,1,2,1
03/03/2021,9220086384,H988886,1,2,2,0,0,0,0,0,4,1
03/03/2021,9220086386,H988878,7,8,2,1,0,0,0,0,1,0
03/03/2021,9220086389,H989091,1,1,0,2,0,0,0,0,1,0
03/03/2021,9220086390,H989094,49,12,29,8,11,22,6,5,15,2
03/03/2021,9220086391,H989095,1,0,1,0,0,0,0,0,2,2
03/03/2021,9220086394,H989024,2,0,1,0,0,0,0,0,0,0
03/03/2021,9220086395,H989121,6,10,8,6,0,2,2,0,0,2
03/03/2021,9220086396,H989119,0,0,3,0,0,0,0,0,3,3
03/03/2021,9220086397,H989112,5,2,3,1,0,1,0,0,2,1
03/03/2021,9220086398,H989109,11,7,15,7,0,4,0,0,4,0
03/03/2021,9220086399,H989117,37,6,14,5,0,2,0,0,9,3
03/03/2021,9220086400,H989120,24,7,24,6,2,0,5,1,18,4
03/03/2021,9220086401,H989089,12,4,13,4,0,1,0,0,8,1
03/03/2021,9220086404,H989100,25,10,30,12,1,8,5,0,21,1
03/03/2021,9220086405,H989102,5,4,2,6,0,0,0,0,6,1
03/03/2021,9220086407,H989105,0,0,2,0,0,0,0,0,2,0
04/03/2021,9220086367,H988863,8,1,6,1,1,5,4,1,6,0
04/03/2021,9220086368,H988864,4,1,2,0,0,0,0,0,2,0
04/03/2021,9220086369,H988879,4,8,4,1,0,0,0,0,2,2
04/03/2021,9220086374,H988900,48,14,33,15,17,14,13,3,25,6
04/03/2021,9220086376,H988979,22,5,26,4,2,5,1,1,5,2
04/03/2021,9220086383,H988803,8,2,11,1,0,0,0,0,10,2
04/03/2021,9220086384,H988886,0,0,3,2,1,1,6,2,9,3
04/03/2021,9220086386,H988878,4,1,6,1,1,0,1,0,0,0
04/03/2021,9220086389,H989091,0,0,2,1,0,0,0,0,0,0
04/03/2021,9220086390,H989094,62,12,18,4,10,11,9,0,7,1
04/03/2021,9220086391,H989095,8,2,1,0,1,0,2,0,5,1
04/03/2021,9220086394,H989024,26,10,11,9,8,12,9,4,1,0
04/03/2021,9220086395,H989121,4,8,3,4,2,3,2,0,0,0
04/03/2021,9220086396,H989119,2,1,11,9,0,0,0,1,5,5
04/03/2021,9220086397,H989112,4,1,4,0,0,0,0,0,4,1
04/03/2021,9220086398,H989109,11,10,28,7,0,1,1,4,8,5
04/03/2021,9220086399,H989117,42,15,33,7,1,3,4,1,17,6
04/03/2021,9220086400,H989120,21,5,27,19,1,2,3,0,13,6
04/03/2021,9220086401,H989089,13,5,21,13,0,3,0,0,13,8
04/03/2021,9220086404,H989100,17,7,30,5,2,3,1,2,26,4
04/03/2021,9220086405,H989102,3,1,2,0,0,0,0,0,4,1
04/03/2021,9220086407,H989105,0,0,2,1,0,0,0,0,2,0
05/03/2021,9220086367,H988863,0,0,0,0,0,0,0,0,0,0
05/03/2021,9220086368,H988864,1,1,1,0,0,0,0,0,1,0
05/03/2021,9220086369,H988879,0,0,0,0,0,0,0,0,0,0
05/03/2021,9220086374,H988900,0,0,0,0,0,0,0,0,0,0
05/03/2021,9220086376,H988979,1,0,1,0,0,0,0,0,0,0
05/03/2021,9220086383,H988803,0,0,0,0,0,0,0,0,1,3
05/03/2021,9220086384,H988886,0,0,0,0,0,0,0,0,0,0
05/03/2021,9220086386,H988878,0,0,0,0,0,0,0,0,0,0
05/03/2021,9220086389,H989091,0,0,0,0,0,0,0,0,0,0
05/03/2021,9220086390,H989094,0,0,0,0,0,0,0,0,0,0
05/03/2021,9220086391,H989095,0,0,0,0,0,0,0,0,1,2
05/03/2021,9220086394,H989024,0,0,0,0,0,0,0,0,0,0
05/03/2021,9220086395,H989121,0,0,2,2,0,0,0,0,0,0
05/03/2021,9220086396,H989119,0,0,0,0,0,0,0,0,0,0
05/03/2021,9220086397,H989112,0,0,0,0,0,0,0,0,1,0
05/03/2021,9220086398,H989109,1,0,1,0,0,0,0,0,3,3
05/03/2021,9220086399,H989117,4,2,2,3,0,0,0,0,2,0
05/03/2021,9220086401,H989089,0,0,0,0,0,0,0,0,1,4
05/03/2021,9220086404,H989100,0,0,2,0,1,0,0,0,2,1
05/03/2021,9220086405,H989102,1,0,0,0,0,0,0,0,2,0
05/03/2021,9220086407,H989105,0,0,0,0,0,0,0,0,0,0
05/03/2021,9220086408,H989108,0,1,0,0,0,0,0,0,1,0
05/03/2021,9220086414,H989021,0,1,2,1,0,0,0,0,2,2
05/03/2021,9220086418,H988808,0,0,1,0,0,0,0,0,2,3
05/03/2021,9220086424,H989113,3,2,2,1,0,0,0,0,2,0
05/03/2021,9220086426,H989132,0,0,0,4,0,0,0,0,2,0
05/03/2021,9220086427,H989135,2,1,0,0,0,0,0,0,2,0
06/03/2021,9220086367,H988863,5,2,11,2,1,2,2,0,10,2
06/03/2021,9220086368,H988864,2,1,3,1,0,1,0,0,3,1
06/03/2021,9220086369,H988879,17,11,14,4,0,4,3,1,7,5
06/03/2021,9220086370,H988912,0,0,0,0,0,0,0,0,0,0
06/03/2021,9220086371,H988719,7,0,17,7,5,0,2,1,10,0
06/03/2021,9220086374,H988900,88,21,55,17,23,35,20,11,17,2
06/03/2021,9220086376,H988979,8,5,14,7,3,3,3,5,1,0
06/03/2021,9220086380,H989124,0,2,1,0,0,0,0,0,2,2
06/03/2021,9220086383,H988803,3,0,5,1,0,0,0,3,3,2
06/03/2021,9220086384,H988886,3,0,8,1,0,2,0,0,11,4
06/03/2021,9220086386,H988878,3,0,6,2,0,0,0,0,0,0
06/03/2021,9220086389,H989091,0,0,1,3,0,0,0,0,0,0
06/03/2021,9220086390,H989094,57,23,52,18,11,12,3,2,14,3
06/03/2021,9220086391,H989095,4,2,3,1,1,1,1,0,3,0
06/03/2021,9220086394,H989024,12,4,6,1,3,3,1,0,0,0
06/03/2021,9220086395,H989121,20,3,7,6,4,1,0,0,3,0
06/03/2021,9220086396,H989119,2,1,15,5,0,1,2,0,7,4
06/03/2021,9220086397,H989112,4,1,6,3,0,0,0,0,4,3
06/03/2021,9220086398,H989109,19,20,43,13,3,3,2,0,10,3
06/03/2021,9220086399,H989117,38,10,51,20,3,2,1,2,21,5
06/03/2021,9220086400,H989120,24,8,36,13,0,1,0,1,34,9
06/03/2021,9220086401,H989089,13,5,39,6,1,0,1,0,10,0
06/03/2021,9220086404,H989100,21,13,39,25,1,7,1,2,16,8
06/03/2021,9220086405,H989102,0,0,2,5,0,2,0,1,4,0
06/03/2021,9220086407,H989105,12,5,11,2,1,2,2,0,2,0
06/03/2021,9220086408,H989108,9,4,10,8,1,3,5,0,3,1
06/03/2021,9220086409,H989129,0,0,0,0,0,0,0,0,0,0
06/03/2021,9220086410,H988812,6,4,4,1,0,0,0,0,4,3
06/03/2021,9220086412,H988907,2,3,2,0,0,0,0,0,3,0
06/03/2021,9220086413,H989140,0,0,0,0,0,0,0,0,1,0
06/03/2021,9220086414,H989021,9,14,15,8,1,0,3,0,7,12
06/03/2021,9220086418,H988808,26,10,28,14,0,1,5,0,10,5
06/03/2021,9220086424,H989113,18,7,26,9,0,3,0,0,7,2
06/03/2021,9220086425,H989134,0,0,0,0,0,0,0,0,0,0
06/03/2021,9220086426,H989132,6,2,13,5,1,0,1,7,3,1
06/03/2021,9220086427,H989135,14,5,20,12,4,2,1,0,8,3
07/03/2021,9220086368,H988864,3,1,1,1,0,1,2,1,0,0
07/03/2021,9220086369,H988879,13,6,19,1,0,0,0,0,3,0
07/03/2021,9220086383,H988803,1,0,1,0,0,0,0,0,2,0
07/03/2021,9220086384,H988886,1,1,0,0,0,0,0,0,0,0
07/03/2021,9220086396,H989119,2,0,6,2,1,0,6,0,2,0
07/03/2021,9220086397,H989112,0,0,2,2,0,0,0,0,4,2
07/03/2021,9220086404,H989100,0,0,0,4,0,0,0,0,3,5
07/03/2021,9220086405,H989102,0,0,1,0,0,0,0,0,3,2
07/03/2021,9220086409,H989129,0,0,0,0,0,0,0,0,0,0
07/03/2021,9220086414,H989021,0,0,0,0,0,0,0,0,0,0
07/03/2021,9220086424,H989113,0,0,0,0,0,0,0,0,0,0
08/03/2021,9220086367,H988863,3,1,4,0,1,0,1,1,6,3
08/03/2021,9220086368,H988864,3,3,4,0,1,1,2,1,6,2
08/03/2021,9220086369,H988879,13,7,18,0,3,1,4,0,5,0
08/03/2021,9220086370,H988912,5,7,0,0,0,0,0,0,0,1
08/03/2021,9220086371,H988719,23,9,47,20,11,7,2,2,14,3
08/03/2021,9220086374,H988900,34,4,12,0,7,5,9,0,6,1
08/03/2021,9220086376,H988979,48,20,51,18,9,8,9,5,11,0
08/03/2021,9220086380,H989124,14,3,9,18,2,4,0,2,2,5
08/03/2021,9220086383,H988803,7,3,5,0,0,0,3,0,3,0
08/03/2021,9220086384,H988886,4,0,4,2,1,2,9,2,7,2
08/03/2021,9220086386,H988878,6,2,2,6,2,0,1,0,0,1
08/03/2021,9220086389,H989091,1,1,2,1,0,0,0,0,0,0
08/03/2021,9220086390,H989094,44,8,38,14,18,22,8,2,9,1
08/03/2021,9220086394,H989024,39,15,25,12,15,20,10,1,6,0
08/03/2021,9220086395,H989121,17,6,14,8,1,3,0,1,1,0
08/03/2021,9220086396,H989119,13,4,16,9,1,0,0,0,7,1
08/03/2021,9220086397,H989112,4,7,6,0,0,1,0,0,3,1
08/03/2021,9220086398,H989109,23,6,62,11,2,1,1,0,11,1
08/03/2021,9220086399,H989117,50,15,29,3,1,1,1,0,14,5
08/03/2021,9220086400,H989120,15,11,33,13,0,0,2,0,21,4
08/03/2021,9220086401,H989089,18,5,52,13,1,2,0,0,19,2
08/03/2021,9220086404,H989100,41,8,51,1,5,9,2,9,24,6
08/03/2021,9220086405,H989102,6,0,4,2,0,0,0,0,3,2
08/03/2021,9220086406,H989104,0,4,3,3,0,0,0,0,4,7
08/03/2021,9220086407,H989105,19,3,21,4,0,2,0,1,4,1
08/03/2021,9220086408,H989108,9,8,9,8,2,0,4,2,3,0
08/03/2021,9220086409,H989129,2,2,2,0,0,0,0,0,3,3
08/03/2021,9220086410,H988812,4,1,2,0,0,0,0,0,1,4
08/03/2021,9220086411,H989137,0,1,0,0,0,0,0,0,2,2
08/03/2021,9220086412,H988907,7,5,3,4,0,0,0,0,3,0
08/03/2021,9220086413,H989140,0,0,0,0,0,0,0,0,1,0
08/03/2021,9220086414,H989021,11,6,15,6,1,4,2,0,8,4
08/03/2021,9220086415,H988906,6,7,4,1,1,0,4,0,6,6
08/03/2021,9220086417,H988824,0,0,0,0,0,0,0,0,0,0
08/03/2021,9220086418,H988808,36,12,41,18,0,3,6,0,7,3
08/03/2021,9220086421,H989127,9,2,21,4,0,1,0,0,7,0
08/03/2021,9220086422,H989130,0,0,0,0,0,1,1,0,4,5
08/03/2021,9220086423,H989133,10,3,11,8,1,1,2,0,5,0
08/03/2021,9220086424,H989113,9,0,11,3,0,1,0,0,3,0
08/03/2021,9220086425,H989134,0,0,0,0,0,0,0,0,0,0
08/03/2021,9220086426,H989132,14,6,24,5,3,0,1,0,6,0
08/03/2021,9220086427,H989135,9,3,10,2,0,0,0,0,3,0
09/03/2021,9220086365,H988712,0,0,0,0,0,0,0,0,0,0
09/03/2021,9220086368,H988864,3,0,1,1,0,1,0,0,0,0
09/03/2021,9220086369,H988879,7,2,15,2,1,2,0,0,2,1
09/03/2021,9220086370,H988912,2,2,1,2,1,0,2,0,0,0
09/03/2021,9220086371,H988719,21,9,19,11,5,7,5,1,17,2
09/03/2021,9220086374,H988900,97,15,51,17,20,22,8,5,16,0
09/03/2021,9220086376,H988979,36,11,42,8,3,8,1,1,5,1
09/03/2021,9220086377,H989136,2,1,2,3,0,1,1,0,8,7
09/03/2021,9220086380,H989124,21,11,7,7,4,1,5,1,1,3
09/03/2021,9220086383,H988803,4,3,4,3,0,0,0,0,6,1
09/03/2021,9220086384,H988886,4,1,4,4,2,1,10,1,2,1
09/03/2021,9220086386,H988878,5,0,3,0,0,0,0,0,0,0
09/03/2021,9220086389,H989091,0,0,0,0,0,0,0,0,0,0
09/03/2021,9220086390,H989094,63,5,48,9,19,17,2,2,7,0
09/03/2021,9220086391,H989095,0,0,1,0,0,0,0,0,3,0
09/03/2021,9220086392,H989023,8,9,7,4,0,6,1,1,0,1
09/03/2021,9220086394,H989024,30,3,18,1,12,24,6,11,2,1
09/03/2021,9220086395,H989121,6,0,13,1,2,1,0,0,3,0
09/03/2021,9220086396,H989119,7,6,7,2,2,0,1,0,3,10
09/03/2021,9220086397,H989112,8,1,7,0,0,1,0,0,5,0
09/03/2021,9220086398,H989109,22,8,34,7,1,0,0,0,11,1
09/03/2021,9220086399,H989117,45,12,50,7,1,0,2,3,18,1
09/03/2021,9220086400,H989120,26,6,31,8,2,2,2,1,34,6
09/03/2021,9220086401,H989089,4,1,6,5,1,0,1,0,8,3
09/03/2021,9220086402,H989092,66,39,53,17,9,4,3,0,26,3
09/03/2021,9220086404,H989100,15,4,30,7,0,0,1,0,10,2
09/03/2021,9220086405,H989102,1,0,1,0,0,0,0,0,2,2
09/03/2021,9220086406,H989104,3,3,4,5,0,0,0,1,11,12
09/03/2021,9220086407,H989105,20,5,20,1,3,1,2,3,6,3
09/03/2021,9220086408,H989108,14,5,15,21,0,1,1,0,5,2
09/03/2021,9220086409,H989129,0,0,0,0,0,0,0,0,2,1
09/03/2021,9220086411,H989137,1,0,0,0,0,0,0,0,2,0
09/03/2021,9220086412,H988907,6,6,4,2,0,0,0,0,4,1
09/03/2021,9220086413,H989140,12,2,7,0,0,2,0,0,0,1
09/03/2021,9220086414,H989021,11,13,9,8,2,3,1,0,5,3
09/03/2021,9220086415,H988906,4,9,12,3,2,2,3,3,6,22
09/03/2021,9220086418,H988808,56,10,46,18,0,2,0,0,21,5
09/03/2021,9220086421,H989127,21,4,41,5,2,0,2,0,7,1
09/03/2021,9220086422,H989130,0,0,2,1,5,0,4,0,8,5
09/03/2021,9220086423,H989133,14,4,16,7,1,1,3,1,9,4
09/03/2021,9220086424,H989113,0,1,6,2,0,0,0,0,1,0
09/03/2021,9220086425,H989134,0,0,0,0,0,0,0,0,0,0
09/03/2021,9220086426,H989132,15,6,21,6,1,0,2,1,10,3
09/03/2021,9220086427,H989135,12,4,12,2,0,1,0,0,3,0
10/03/2021,9220086367,H988863,1,0,2,1,0,0,0,0,2,0
10/03/2021,9220086368,H988864,2,0,3,0,0,0,0,0,3,1
10/03/2021,9220086369,H988879,6,14,11,3,1,0,0,0,6,2
10/03/2021,9220086370,H988912,2,1,0,0,0,1,1,0,0,0
10/03/2021,9220086371,H988719,20,11,12,4,1,5,1,0,6,0
10/03/2021,9220086374,H988900,87,13,71,7,17,20,2,9,17,2
10/03/2021,9220086376,H988979,41,10,46,11,7,4,2,0,8,1
10/03/2021,9220086377,H989136,15,7,11,5,3,5,2,0,7,7
10/03/2021,9220086380,H989124,16,8,9,7,3,14,0,1,2,4
10/03/2021,9220086383,H988803,8,1,7,2,0,0,0,0,4,0
10/03/2021,9220086384,H988886,6,1,8,0,0,1,0,0,0,0
10/03/2021,9220086386,H988878,5,0,6,1,0,1,0,0,0,0
10/03/2021,9220086389,H989091,0,0,0,0,0,0,0,0,0,0
10/03/2021,9220086390,H989094,86,6,44,7,15,23,5,1,2,1
10/03/2021,9220086391,H989095,3,1,2,1,0,2,2,0,4,0
10/03/2021,9220086392,H989023,8,3,10,6,3,4,3,1,2,1
10/03/2021,9220086394,H989024,24,6,21,2,15,18,2,1,3,0
10/03/2021,9220086395,H989121,6,1,3,2,2,1,1,0,0,0
10/03/2021,9220086396,H989119,5,0,12,3,1,0,1,0,9,2
10/03/2021,9220086397,H989112,5,1,8,0,0,0,0,0,4,0
10/03/2021,9220086398,H989109,20,5,44,5,2,4,1,0,10,2
10/03/2021,9220086399,H989117,47,9,53,11,4,3,1,0,13,1
10/03/2021,9220086400,H989120,22,7,45,12,0,1,0,0,14,1
10/03/2021,9220086402,H989092,67,21,73,19,5,7,2,5,29,5
10/03/2021,9220086404,H989100,11,6,8,7,2,2,1,0,12,1
10/03/2021,9220086405,H989102,3,2,1,0,0,0,0,0,3,3
10/03/2021,9220086406,H989104,14,7,16,8,1,1,0,1,4,8
10/03/2021,9220086407,H989105,16,5,28,5,1,0,2,1,9,0
10/03/2021,9220086408,H989108,10,1,13,4,0,1,0,0,5,1
10/03/2021,9220086409,H989129,0,3,0,0,1,1,0,0,2,3
10/03/2021,9220086410,H988812,5,0,4,3,0,0,0,0,1,0
10/03/2021,9220086411,H989137,0,0,0,0,0,0,0,0,1,0
10/03/2021,9220086412,H988907,15,7,5,7,0,0,1,2,1,0
10/03/2021,9220086413,H989140,3,3,6,1,1,1,1,0,2,0
10/03/2021,9220086414,H989021,16,4,17,6,0,0,0,0,3,3
10/03/2021,9220086415,H988906,15,0,18,3,2,2,0,1,8,5
10/03/2021,9220086418,H988808,37,6,51,12,5,3,1,1,11,2
10/03/2021,9220086419,H989126,0,0,0,0,0,0,0,0,1,3
10/03/2021,9220086421,H989127,12,3,21,7,2,0,1,0,4,0
10/03/2021,9220086422,H989130,1,0,0,1,0,0,0,0,2,1
10/03/2021,9220086424,H989113,6,2,10,5,0,0,0,0,0,0
10/03/2021,9220086425,H989134,0,0,0,0,0,0,0,0,0,0
10/03/2021,9220086426,H989132,20,6,27,4,5,1,3,0,6,2
10/03/2021,9220086427,H989135,5,4,12,2,0,1,0,1,4,0
11/03/2021,9220086359,H989114,0,2,0,8,0,0,0,0,2,0
11/03/2021,9220086365,H988712,0,0,0,0,0,0,0,0,0,0
11/03/2021,9220086367,H988863,1,0,4,1,1,1,1,1,5,2
11/03/2021,9220086368,H988864,0,0,6,0,0,1,0,0,3,0
11/03/2021,9220086369,H988879,5,2,15,0,1,0,0,0,3,0
11/03/2021,9220086370,H988912,1,1,0,0,1,0,0,0,0,0
11/03/2021,9220086371,H988719,20,5,10,3,6,1,2,0,9,2
11/03/2021,9220086374,H988900,74,10,59,8,13,19,4,8,16,0
11/03/2021,9220086376,H988979,26,9,33,6,5,9,3,3,2,0
11/03/2021,9220086377,H989136,5,1,3,1,4,1,0,0,4,6
11/03/2021,9220086380,H989124,12,9,17,5,0,7,0,0,2,0
11/03/2021,9220086383,H988803,10,4,11,0,0,0,0,0,11,2
11/03/2021,9220086384,H988886,2,0,3,1,1,1,0,0,0,0
11/03/2021,9220086386,H988878,1,0,4,0,0,0,0,0,0,0
11/03/2021,9220086389,H989091,5,5,3,4,5,1,9,3,4,1
11/03/2021,9220086390,H989094,55,8,28,10,18,15,14,5,5,7
11/03/2021,9220086391,H989095,0,0,2,1,0,1,0,0,2,0
11/03/2021,9220086392,H989023,7,9,11,3,4,3,1,3,4,0
11/03/2021,9220086394,H989024,20,3,7,4,8,11,2,3,2,1
11/03/2021,9220086395,H989121,18,4,12,5,1,4,3,0,2,2
11/03/2021,9220086396,H989119,5,2,29,6,1,0,0,0,5,1
11/03/2021,9220086397,H989112,13,1,10,1,0,1,0,0,4,1
11/03/2021,9220086398,H989109,30,6,44,6,3,4,4,0,15,2
11/03/2021,9220086399,H989117,50,31,24,13,1,1,7,0,18,8
11/03/2021,9220086400,H989120,21,3,26,8,0,1,0,0,19,2
11/03/2021,9220086402,H989092,27,3,26,7,0,1,0,0,12,0
11/03/2021,9220086404,H989100,13,8,19,17,0,1,0,0,12,6
11/03/2021,9220086405,H989102,1,0,3,6,0,0,0,0,3,1
11/03/2021,9220086406,H989104,4,10,14,18,2,2,2,0,20,6
11/03/2021,9220086407,H989105,14,4,25,4,0,0,0,0,4,0
11/03/2021,9220086408,H989108,9,4,7,2,1,0,0,0,3,1
11/03/2021,9220086409,H989129,2,4,4,0,0,0,0,0,5,2
11/03/2021,9220086410,H988812,7,0,5,1,1,0,0,0,2,0
11/03/2021,9220086411,H989137,0,0,0,0,0,0,0,0,0,0
11/03/2021,9220086412,H988907,9,1,4,2,1,0,1,0,0,0
11/03/2021,9220086413,H989140,16,3,17,2,1,0,0,0,2,0
11/03/2021,9220086414,H989021,10,5,9,9,2,4,4,0,0,0
11/03/2021,9220086415,H988906,11,1,17,6,2,2,2,0,9,3
11/03/2021,9220086418,H988808,33,10,33,11,3,6,1,2,7,1
11/03/2021,9220086419,H989126,0,1,0,0,0,0,0,0,1,0
11/03/2021,9220086421,H989127,33,13,67,16,0,1,0,0,11,4
11/03/2021,9220086422,H989130,1,0,0,0,1,0,0,0,2,0
11/03/2021,9220086423,H989133,21,6,13,7,3,2,1,0,8,4
11/03/2021,9220086424,H989113,5,0,2,1,0,1,0,0,1,0
11/03/2021,9220086426,H989132,8,1,40,7,1,2,0,0,6,0
11/03/2021,9220086427,H989135,5,2,10,2,0,0,0,0,5,2
12/03/2021,9220086357,H988809,0,0,0,0,0,0,0,0,1,0
12/03/2021,9220086365,H988712,0,7,2,1,0,1,0,0,1,1
12/03/2021,9220086367,H988863,0,0,1,0,0,0,0,0,7,1
12/03/2021,9220086368,H988864,3,0,1,0,1,1,0,0,1,0
12/03/2021,9220086369,H988879,13,5,25,9,5,3,4,2,8,0
12/03/2021,9220086370,H988912,0,0,0,0,0,1,0,0,0,0
12/03/2021,9220086371,H988719,18,8,7,6,4,5,0,4,8,1
12/03/2021,9220086374,H988900,83,14,76,17,13,22,5,6,19,13
12/03/2021,9220086376,H988979,26,7,41,8,6,10,7,12,9,1
12/03/2021,9220086377,H989136,3,0,0,0,2,1,0,0,1,0
12/03/2021,9220086380,H989124,9,4,6,8,0,6,1,1,0,1
12/03/2021,9220086383,H988803,9,2,7,2,1,0,4,0,12,2
12/03/2021,9220086384,H988886,4,8,6,16,4,4,0,0,8,0
12/03/2021,9220086386,H988878,6,2,7,1,1,0,0,0,2,0
12/03/2021,9220086387,H989141,0,2,0,2,0,0,0,1,3,2
12/03/2021,9220086389,H989091,7,2,10,7,5,12,5,0,7,1
12/03/2021,9220086390,H989094,95,14,53,13,23,27,7,8,7,0
12/03/2021,9220086391,H989095,3,0,1,1,0,0,0,0,4,1
12/03/2021,9220086392,H989023,12,7,10,4,1,1,2,0,2,2
12/03/2021,9220086394,H989024,30,9,17,8,7,17,1,7,5,1
12/03/2021,9220086395,H989121,4,5,11,3,1,5,4,3,0,0
12/03/2021,9220086396,H989119,10,4,10,14,0,4,1,0,6,3
12/03/2021,9220086397,H989112,9,5,9,3,0,0,0,0,6,2
12/03/2021,9220086398,H989109,24,5,61,13,0,7,2,0,14,5
12/03/2021,9220086399,H989117,38,11,27,9,2,3,1,2,17,7
12/03/2021,9220086400,H989120,22,6,31,10,0,1,0,0,19,5
12/03/2021,9220086402,H989092,46,5,61,15,4,8,2,4,25,4
12/03/2021,9220086404,H989100,9,3,15,8,1,3,1,3,12,3
12/03/2021,9220086405,H989102,4,1,3,13,0,1,0,0,6,2
12/03/2021,9220086406,H989104,5,9,17,11,0,1,3,0,12,18
12/03/2021,9220086407,H989105,12,6,25,6,1,2,1,0,12,1
12/03/2021,9220086408,H989108,7,3,13,6,3,4,4,0,5,0
12/03/2021,9220086409,H989129,5,1,2,2,0,1,0,0,5,0
12/03/2021,9220086410,H988812,2,0,3,6,1,0,0,0,4,23
12/03/2021,9220086411,H989137,1,0,0,0,0,0,0,0,1,0
12/03/2021,9220086412,H988907,8,3,2,1,0,0,0,0,0,3
12/03/2021,9220086413,H989140,15,2,21,4,0,0,0,0,2,2
12/03/2021,9220086414,H989021,9,15,18,5,1,1,3,0,3,2
12/03/2021,9220086415,H988906,9,4,17,6,1,2,1,0,13,2
12/03/2021,9220086417,H988824,0,4,0,2,0,0,2,1,3,7
12/03/2021,9220086418,H988808,28,9,35,10,3,2,3,0,10,2
12/03/2021,9220086419,H989126,0,0,2,1,0,0,0,1,2,0
12/03/2021,9220086421,H989127,15,6,48,10,3,2,2,0,1,0
12/03/2021,9220086422,H989130,2,0,0,1,0,1,0,0,5,4
12/03/2021,9220086423,H989133,16,4,13,4,3,3,4,0,10,2
12/03/2021,9220086424,H989113,6,6,10,2,0,1,0,0,1,2
12/03/2021,9220086426,H989132,13,3,17,8,4,0,2,3,7,3
12/03/2021,9220086427,H989135,25,6,41,8,4,4,8,2,11,2
13/03/2021,9220086354,H989101,6,2,8,0,1,2,1,0,5,1
13/03/2021,9220086362,H989146,9,1,13,4,1,0,0,0,3,1
13/03/2021,9220086363,H988798,0,0,0,0,0,0,0,0,1,0
13/03/2021,9220086365,H988712,2,1,0,1,1,2,1,0,0,0
13/03/2021,9220086367,H988863,1,0,5,0,0,0,0,0,6,1
13/03/2021,9220086368,H988864,2,2,2,0,0,0,0,0,3,0
13/03/2021,9220086369,H988879,10,2,22,3,1,3,0,0,7,0
13/03/2021,9220086370,H988912,5,0,4,0,0,0,2,0,0,0
13/03/2021,9220086371,H988719,28,7,37,10,8,11,1,5,35,6
13/03/2021,9220086374,H988900,107,18,101,17,25,28,5,0,21,3
13/03/2021,9220086376,H988979,37,3,34,9,4,20,3,4,4,0
13/03/2021,9220086380,H989124,28,8,11,13,2,7,5,2,3,2
13/03/2021,9220086381,H989138,1,0,1,1,1,0,1,0,2,0
13/03/2021,9220086383,H988803,4,2,4,0,0,0,0,0,3,0
13/03/2021,9220086384,H988886,0,0,0,0,0,0,0,0,0,0
13/03/2021,9220086386,H988878,6,1,9,2,1,1,0,0,0,0
13/03/2021,9220086387,H989141,15,7,7,1,5,54,6,8,7,0
13/03/2021,9220086389,H989091,8,5,6,5,6,10,2,4,4,4
13/03/2021,9220086390,H989094,89,17,68,12,28,26,3,8,6,0
13/03/2021,9220086391,H989095,1,1,1,3,1,0,2,0,5,1
13/03/2021,9220086392,H989023,5,7,11,8,4,3,5,1,3,1
13/03/2021,9220086394,H989024,13,7,11,3,8,24,5,8,4,2
13/03/2021,9220086395,H989121,2,0,9,7,7,4,5,7,2,0
13/03/2021,9220086396,H989119,2,0,11,9,0,1,2,1,9,1
13/03/2021,9220086397,H989112,9,1,15,5,0,1,0,0,8,0
13/03/2021,9220086398,H989109,38,6,51,8,2,2,0,0,13,6
13/03/2021,9220086399,H989117,7,1,15,18,0,1,0,0,4,0
13/03/2021,9220086400,H989120,20,1,44,16,0,5,1,0,26,1
13/03/2021,9220086402,H989092,62,20,80,12,7,12,6,3,28,6
13/03/2021,9220086404,H989100,12,6,18,15,0,5,18,2,4,11
13/03/2021,9220086405,H989102,1,0,3,0,0,0,0,0,3,1
13/03/2021,9220086406,H989104,8,5,15,12,4,2,2,1,6,2
13/03/2021,9220086407,H989105,12,3,27,5,1,2,1,1,11,1
13/03/2021,9220086408,H989108,14,2,24,8,8,4,1,0,7,1
13/03/2021,9220086409,H989129,10,2,10,2,0,0,0,1,5,2
13/03/2021,9220086410,H988812,15,4,4,3,1,2,4,1,2,5
13/03/2021,9220086411,H989137,1,0,0,0,0,0,0,0,1,0
13/03/2021,9220086412,H988907,9,6,4,4,2,0,3,3,0,0
13/03/2021,9220086413,H989140,24,2,26,5,2,3,3,0,5,0
13/03/2021,9220086414,H989021,17,7,33,20,2,2,0,0,8,2
13/03/2021,9220086415,H988906,23,2,23,11,1,3,1,1,20,3
13/03/2021,9220086417,H988824,22,8,23,12,0,5,0,4,9,2
13/03/2021,9220086418,H988808,45,5,90,31,4,9,2,9,10,3
13/03/2021,9220086421,H989127,35,11,70,15,1,1,1,6,9,1
13/03/2021,9220086422,H989130,1,17,1,2,0,1,2,1,2,5
13/03/2021,9220086424,H989113,9,1,8,0,1,3,1,0,0,0
13/03/2021,9220086426,H989132,33,5,58,11,13,8,4,3,19,8
13/03/2021,9220086427,H989135,15,4,19,6,2,1,0,1,5,0
14/03/2021,9220086353,H989131,11,1,4,2,2,2,1,0,0,0
14/03/2021,9220086355,H989010,0,0,0,0,0,0,0,0,0,0
14/03/2021,9220086368,H988864,1,1,2,0,0,0,0,0,1,0
14/03/2021,9220086370,H988912,0,0,0,0,0,0,0,0,0,0
14/03/2021,9220086376,H988979,1,0,3,1,0,1,0,1,2,1
14/03/2021,9220086383,H988803,1,0,7,1,0,0,0,0,3,0
14/03/2021,9220086396,H989119,4,0,12,6,0,1,0,1,8,3
14/03/2021,9220086397,H989112,1,1,7,2,0,1,0,0,4,0
14/03/2021,9220086399,H989117,0,0,0,0,0,0,0,0,1,0
14/03/2021,9220086402,H989092,3,3,0,0,0,0,0,0,0,0
14/03/2021,9220086404,H989100,0,0,0,2,0,0,2,0,0,1
14/03/2021,9220086414,H989021,2,2,0,2,2,0,2,0,0,0
14/03/2021,9220086417,H988824,6,1,10,2,1,1,1,0,5,0
14/03/2021,9220086422,H989130,0,0,0,0,0,0,1,0,1,5
14/03/2021,9220086423,H989133,2,1,3,0,0,0,0,3,3,4
15/03/2021,9220086353,H989131,16,5,5,3,4,3,2,1,1,0
15/03/2021,9220086354,H989101,35,15,35,8,6,9,5,2,12,1
15/03/2021,9220086355,H989010,9,10,0,1,1,1,0,1,0,0
15/03/2021,9220086357,H988809,1,4,1,3,0,0,5,0,2,1
15/03/2021,9220086362,H989146,48,30,38,15,6,12,11,1,12,8
15/03/2021,9220086365,H988712,12,7,3,10,3,8,7,2,2,1
15/03/2021,9220086368,H988864,6,1,4,1,0,0,0,0,3,1
15/03/2021,9220086369,H988879,12,9,18,12,1,0,0,2,10,4
15/03/2021,9220086370,H988912,4,1,1,0,0,1,0,0,0,0
15/03/2021,9220086371,H988719,39,8,44,20,12,11,3,1,15,3
15/03/2021,9220086374,H988900,98,18,76,9,14,23,3,4,13,9
15/03/2021,9220086376,H988979,54,15,59,13,4,12,6,9,11,0
15/03/2021,9220086377,H989136,4,1,12,14,2,4,1,1,6,0
15/03/2021,9220086380,H989124,17,5,28,12,3,9,6,2,8,1
15/03/2021,9220086381,H989138,11,4,8,4,0,1,0,0,8,1
15/03/2021,9220086383,H988803,7,3,5,0,0,0,0,0,11,3
15/03/2021,9220086384,H988886,2,0,5,0,1,3,0,3,0,0
15/03/2021,9220086386,H988878,6,1,4,3,2,0,1,0,0,0
15/03/2021,9220086387,H989141,15,5,9,15,7,19,8,6,8,3
15/03/2021,9220086389,H989091,9,3,9,14,10,7,6,3,2,0
15/03/2021,9220086390,H989094,71,11,62,7,36,26,11,3,13,4
15/03/2021,9220086391,H989095,12,7,5,4,4,1,0,0,6,1
15/03/2021,9220086392,H989023,14,7,13,20,3,8,8,2,6,1
15/03/2021,9220086394,H989024,58,20,34,12,21,40,4,11,7,3
15/03/2021,9220086395,H989121,18,4,18,8,9,10,18,0,9,0
15/03/2021,9220086396,H989119,15,3,28,4,0,4,6,0,10,9
15/03/2021,9220086397,H989112,7,2,15,3,0,1,1,0,7,1
15/03/2021,9220086398,H989109,49,17,90,31,3,5,11,1,19,4
15/03/2021,9220086399,H989117,46,5,48,22,3,3,6,0,20,5
15/03/2021,9220086400,H989120,38,7,50,25,2,3,0,3,30,21
15/03/2021,9220086402,H989092,92,21,83,11,14,24,8,2,33,10
15/03/2021,9220086404,H989100,1,0,0,3,0,0,5,0,2,1
15/03/2021,9220086405,H989102,4,3,3,0,0,0,0,0,3,0
15/03/2021,9220086406,H989104,29,14,26,22,1,5,1,1,18,14
15/03/2021,9220086407,H989105,42,12,38,16,3,9,5,5,5,0
15/03/2021,9220086408,H989108,29,19,28,8,2,4,1,4,5,2
15/03/2021,9220086409,H989129,7,2,9,5,0,1,0,0,8,1
15/03/2021,9220086410,H988812,11,2,6,6,1,4,1,1,8,5
15/03/2021,9220086411,H989137,1,4,0,0,0,0,0,0,0,0
15/03/2021,9220086412,H988907,14,2,15,2,2,1,2,0,3,0
15/03/2021,9220086413,H989140,29,11,28,8,2,2,1,0,6,1
15/03/2021,9220086414,H989021,23,6,39,20,4,1,0,0,7,2
15/03/2021,9220086415,H988906,17,6,28,12,2,3,2,1,22,3
15/03/2021,9220086417,H988824,29,29,29,13,1,0,3,4,11,8
15/03/2021,9220086418,H988808,59,17,70,16,3,7,1,3,18,3
15/03/2021,9220086419,H989126,2,20,5,3,0,0,0,1,4,2
15/03/2021,9220086421,H989127,40,14,93,25,8,2,3,0,17,5
15/03/2021,9220086422,H989130,2,15,0,23,1,1,3,2,1,0
15/03/2021,9220086423,H989133,33,14,45,18,2,11,9,6,13,2
15/03/2021,9220086424,H989113,1,0,5,0,0,2,0,0,0,0
15/03/2021,9220086426,H989132,27,21,54,14,6,3,6,0,16,14
15/03/2021,9220086427,H989135,14,5,18,4,0,0,0,0,5,0
15/03/2021,9220086430,H989139,3,6,1,1,0,0,0,0,0,2
16/03/2021,9220086353,H989131,7,49,1,8,1,0,4,0,0,2
16/03/2021,9220086354,H989101,28,10,33,11,7,11,7,4,11,0
16/03/2021,9220086355,H989010,5,7,2,4,2,2,3,0,0,1
16/03/2021,9220086362,H989146,47,16,34,35,10,15,8,0,14,1
16/03/2021,9220086365,H988712,6,6,8,14,1,3,3,6,4,0
16/03/2021,9220086368,H988864,5,0,4,1,0,2,0,0,3,0
16/03/2021,9220086369,H988879,18,8,18,2,0,2,1,0,10,5
16/03/2021,9220086370,H988912,0,0,0,0,1,0,4,0,0,0
16/03/2021,9220086371,H988719,32,7,30,12,3,9,0,0,15,4
16/03/2021,9220086374,H988900,95,10,59,11,10,28,5,3,15,2
16/03/2021,9220086376,H988979,28,7,38,12,6,8,3,9,5,3
16/03/2021,9220086377,H989136,9,3,10,7,2,4,0,0,9,0
16/03/2021,9220086380,H989124,31,6,5,4,4,3,5,2,1,1
16/03/2021,9220086381,H989138,5,3,19,5,0,0,0,0,7,4
16/03/2021,9220086383,H988803,8,1,8,0,0,0,0,0,9,0
16/03/2021,9220086384,H988886,6,1,3,4,4,2,1,0,4,2
16/03/2021,9220086386,H988878,7,1,2,0,0,0,0,0,0,0
16/03/2021,9220086387,H989141,2,0,2,0,1,3,1,2,5,5
16/03/2021,9220086389,H989091,8,1,5,3,1,0,0,0,7,3
16/03/2021,9220086390,H989094,70,18,54,13,17,17,1,4,10,3
16/03/2021,9220086391,H989095,9,2,7,4,4,4,1,0,6,0
16/03/2021,9220086392,H989023,5,2,6,2,1,3,1,1,4,0
16/03/2021,9220086394,H989024,37,8,25,2,15,25,3,7,4,0
16/03/2021,9220086395,H989121,5,4,11,2,1,4,0,4,1,2
16/03/2021,9220086396,H989119,2,2,15,5,1,0,0,0,4,1
16/03/2021,9220086397,H989112,10,5,7,2,0,2,3,0,10,3
16/03/2021,9220086398,H989109,30,8,77,29,5,6,1,2,19,0
16/03/2021,9220086399,H989117,51,11,35,9,4,3,1,0,10,1
16/03/2021,9220086400,H989120,27,7,46,25,2,3,1,0,12,2
16/03/2021,9220086402,H989092,64,12,75,20,7,9,4,5,22,4
16/03/2021,9220086403,H989097,63,12,96,24,3,8,1,0,31,3
16/03/2021,9220086404,H989100,0,0,0,0,0,0,0,0,0,0
16/03/2021,9220086405,H989102,0,0,4,0,1,0,0,0,2,1
16/03/2021,9220086406,H989104,11,5,20,9,1,4,1,0,13,15
16/03/2021,9220086407,H989105,15,4,38,6,1,2,0,0,8,0
16/03/2021,9220086408,H989108,10,4,12,4,0,6,1,0,9,4
16/03/2021,9220086409,H989129,4,4,3,2,0,1,0,1,6,0
16/03/2021,9220086410,H988812,10,1,7,8,2,2,0,3,5,1
16/03/2021,9220086411,H989137,0,3,0,3,0,0,0,0,2,0
16/03/2021,9220086412,H988907,15,8,9,2,0,0,0,0,2,1
16/03/2021,9220086413,H989140,24,1,27,7,5,2,0,0,4,1
16/03/2021,9220086414,H989021,22,11,28,15,4,2,1,0,7,2
16/03/2021,9220086415,H988906,18,4,24,4,2,2,2,1,9,1
16/03/2021,9220086417,H988824,31,7,29,15,1,2,3,2,26,7
16/03/2021,9220086418,H988808,41,15,80,25,6,4,3,0,12,3
16/03/2021,9220086419,H989126,4,2,3,5,0,0,0,0,2,1
16/03/2021,9220086421,H989127,37,11,63,12,2,6,2,0,18,7
16/03/2021,9220086422,H989130,0,7,1,1,0,0,0,0,1,1
16/03/2021,9220086424,H989113,10,1,10,3,0,3,0,1,3,0
16/03/2021,9220086426,H989132,17,9,48,10,4,1,0,2,12,2
16/03/2021,9220086427,H989135,9,3,15,2,0,1,1,1,5,0
16/03/2021,9220086430,H989139,1,2,2,0,0,0,0,0,1,2
17/03/2021,9220086353,H989131,2,7,7,7,0,0,2,0,0,5
17/03/2021,9220086354,H989101,27,14,25,7,5,4,1,2,15,3
17/03/2021,9220086355,H989010,0,0,2,3,4,0,2,0,2,5
17/03/2021,9220086362,H989146,62,12,35,24,8,11,2,3,7,3
17/03/2021,9220086363,H988798,0,0,0,0,0,0,0,0,2,0
17/03/2021,9220086364,H989017,0,0,0,0,0,0,0,0,1,0
17/03/2021,9220086365,H988712,5,2,6,4,2,5,0,0,2,3
17/03/2021,9220086367,H988863,1,2,1,0,0,0,0,0,3,1
17/03/2021,9220086368,H988864,3,0,1,1,1,2,0,0,1,3
17/03/2021,9220086369,H988879,12,18,16,0,0,0,2,0,8,0
17/03/2021,9220086370,H988912,9,3,1,2,3,0,1,0,1,0
17/03/2021,9220086371,H988719,23,15,20,9,6,4,1,2,8,3
17/03/2021,9220086374,H988900,68,14,65,20,18,28,6,0,13,1
17/03/2021,9220086376,H988979,43,10,30,8,8,10,10,8,5,1
17/03/2021,9220086377,H989136,7,3,7,2,3,4,2,2,7,1
17/03/2021,9220086380,H989124,13,7,18,11,1,9,1,2,1,0
17/03/2021,9220086381,H989138,12,1,10,2,2,0,1,0,5,2
17/03/2021,9220086383,H988803,4,4,8,1,0,0,0,0,8,1
17/03/2021,9220086384,H988886,0,0,0,0,0,0,0,0,0,0
17/03/2021,9220086386,H988878,4,10,10,4,0,0,0,0,1,1
17/03/2021,9220086387,H989141,14,4,5,5,2,18,0,4,4,0
17/03/2021,9220086389,H989091,1,0,0,0,0,0,0,2,0,0
17/03/2021,9220086390,H989094,60,12,43,10,27,27,8,12,11,1
17/03/2021,9220086392,H989023,5,3,8,6,3,4,0,4,3,0
17/03/2021,9220086394,H989024,22,5,10,6,10,14,5,5,2,0
17/03/2021,9220086396,H989119,6,3,14,6,3,1,1,0,4,1
17/03/2021,9220086397,H989112,7,2,7,0,1,1,6,4,6,2
17/03/2021,9220086398,H989109,48,10,63,17,4,4,2,1,15,2
17/03/2021,9220086399,H989117,48,21,35,13,4,3,3,1,10,1
17/03/2021,9220086400,H989120,51,16,40,17,2,4,6,1,27,8
17/03/2021,9220086402,H989092,47,4,56,12,5,10,1,4,24,4
17/03/2021,9220086403,H989097,0,0,0,0,0,0,0,0,0,0
17/03/2021,9220086404,H989100,1,1,0,0,0,0,0,0,0,1
17/03/2021,9220086405,H989102,2,0,2,0,0,0,0,0,3,0
17/03/2021,9220086406,H989104,14,5,15,15,1,5,1,0,8,5
17/03/2021,9220086407,H989105,10,4,20,2,0,4,2,1,7,1
17/03/2021,9220086408,H989108,14,2,30,9,1,3,2,1,9,4
17/03/2021,9220086409,H989129,6,1,7,0,0,0,0,0,4,1
17/03/2021,9220086410,H988812,3,8,4,0,0,0,0,0,1,1
17/03/2021,9220086411,H989137,11,10,13,1,0,2,1,0,9,1
17/03/2021,9220086412,H988907,7,6,2,0,1,0,0,0,1,1
17/03/2021,9220086413,H989140,13,1,22,3,0,1,0,0,2,0
17/03/2021,9220086414,H989021,21,4,19,6,3,0,6,0,8,0
17/03/2021,9220086415,H988906,14,4,18,9,1,2,1,0,15,3
17/03/2021,9220086417,H988824,21,1,24,6,0,1,1,0,11,5
17/03/2021,9220086418,H988808,40,3,57,14,3,6,3,0,17,5
17/03/2021,9220086419,H989126,4,1,3,0,0,0,0,0,3,0
17/03/2021,9220086421,H989127,34,8,72,11,1,0,1,0,9,1
17/03/2021,9220086422,H989130,1,0,0,0,1,0,3,2,4,1
17/03/2021,9220086423,H989133,12,4,14,3,3,2,1,4,7,2
17/03/2021,9220086424,H989113,0,0,0,0,0,0,0,0,0,0
17/03/2021,9220086425,H989134,0,1,1,0,0,0,1,2,2,2
17/03/2021,9220086426,H989132,14,3,31,2,4,1,5,6,8,3
17/03/2021,9220086427,H989135,13,4,15,13,0,0,1,0,8,1
17/03/2021,9220086430,H989139,4,2,1,1,0,0,0,0,4,1
18/03/2021,9220086353,H989131,15,17,7,5,1,3,7,0,0,1
18/03/2021,9220086354,H989101,30,11,35,8,4,7,3,1,18,5
18/03/2021,9220086355,H989010,11,2,1,0,0,0,0,0,0,0
18/03/2021,9220086359,H989114,1,0,1,0,0,0,1,0,2,1
18/03/2021,9220086362,H989146,46,19,34,8,8,5,4,7,5,4
18/03/2021,9220086365,H988712,9,1,9,1,1,7,3,0,2,2
18/03/2021,9220086367,H988863,1,1,1,0,1,1,0,0,5,3
18/03/2021,9220086368,H988864,6,0,0,0,0,0,0,0,1,0
18/03/2021,9220086369,H988879,13,2,21,9,1,0,0,0,9,3
18/03/2021,9220086371,H988719,33,10,37,9,5,5,1,3,9,1
18/03/2021,9220086374,H988900,34,1,32,11,12,11,2,1,13,0
18/03/2021,9220086376,H988979,15,8,31,10,3,7,2,3,6,0
18/03/2021,9220086377,H989136,10,0,5,4,5,2,1,3,9,1
18/03/2021,9220086380,H989124,8,3,26,12,4,8,3,1,3,0
18/03/2021,9220086381,H989138,7,2,10,2,0,2,0,0,4,0
18/03/2021,9220086383,H988803,0,0,0,0,0,0,0,0,2,1
18/03/2021,9220086384,H988886,1,0,0,0,0,0,0,0,0,0
18/03/2021,9220086386,H988878,3,3,8,0,0,0,0,0,0,0
18/03/2021,9220086387,H989141,13,6,5,4,5,21,5,1,0,0
18/03/2021,9220086389,H989091,0,0,3,1,2,0,0,0,1,0
18/03/2021,9220086390,H989094,54,13,31,10,14,11,4,0,9,0
18/03/2021,9220086391,H989095,1,0,5,1,0,0,0,0,5,0
18/03/2021,9220086392,H989023,9,5,14,6,1,5,3,1,3,2
18/03/2021,9220086394,H989024,24,7,17,8,10,17,2,0,10,2
18/03/2021,9220086395,H989121,3,3,3,0,0,2,0,0,0,1
18/03/2021,9220086396,H989119,5,4,16,9,2,4,2,0,10,7
18/03/2021,9220086397,H989112,9,3,6,1,0,1,0,0,7,4
18/03/2021,9220086398,H989109,31,12,64,16,0,4,1,2,11,1
18/03/2021,9220086399,H989117,30,2,25,2,1,0,0,2,8,0
18/03/2021,9220086400,H989120,31,8,46,31,0,2,3,2,19,5
18/03/2021,9220086402,H989092,63,20,86,14,6,12,3,2,24,8
18/03/2021,9220086403,H989097,71,31,95,28,8,14,8,6,52,13
18/03/2021,9220086404,H989100,0,0,0,5,0,0,0,0,1,2
18/03/2021,9220086405,H989102,3,1,1,0,0,0,0,0,2,0
18/03/2021,9220086406,H989104,15,16,25,16,1,4,4,0,15,7
18/03/2021,9220086407,H989105,26,8,32,18,2,7,3,0,7,1
18/03/2021,9220086408,H989108,12,3,15,7,2,4,1,0,6,5
18/03/2021,9220086409,H989129,4,0,4,0,0,0,0,0,3,0
18/03/2021,9220086410,H988812,13,4,6,4,1,1,0,0,5,1
18/03/2021,9220086411,H989137,13,0,13,7,0,1,0,0,5,1
18/03/2021,9220086412,H988907,12,6,15,4,1,0,0,0,4,2
18/03/2021,9220086413,H989140,19,3,22,7,2,1,0,0,6,0
18/03/2021,9220086414,H989021,11,3,21,5,1,1,3,0,5,0
18/03/2021,9220086415,H988906,3,2,12,7,4,2,2,0,14,6
18/03/2021,9220086417,H988824,28,8,24,7,3,1,2,0,19,3
18/03/2021,9220086418,H988808,43,4,57,16,2,3,0,1,12,2
18/03/2021,9220086419,H989126,1,0,0,0,0,0,0,0,2,0
18/03/2021,9220086421,H989127,31,10,48,16,2,4,6,3,9,6
18/03/2021,9220086422,H989130,0,1,2,0,0,0,0,0,2,2
18/03/2021,9220086423,H989133,15,3,11,5,0,2,0,0,6,2
18/03/2021,9220086425,H989134,7,3,8,6,1,1,0,0,6,1
18/03/2021,9220086426,H989132,19,7,32,4,2,2,1,5,6,0
18/03/2021,9220086427,H989135,14,7,13,5,0,0,0,0,4,0
18/03/2021,9220086430,H989139,1,5,1,1,0,0,0,0,4,0
19/03/2021,9220086353,H989131,21,8,8,10,11,1,8,0,0,0
19/03/2021,9220086354,H989101,22,3,35,8,1,5,3,2,7,1
19/03/2021,9220086355,H989010,3,0,1,8,2,2,0,0,0,0
19/03/2021,9220086362,H989146,16,6,13,3,3,3,4,1,3,0
19/03/2021,9220086363,H988798,3,10,6,0,0,1,1,1,11,10
19/03/2021,9220086365,H988712,9,4,15,4,2,3,4,0,3,0
19/03/2021,9220086367,H988863,1,0,3,1,0,0,0,0,4,3
19/03/2021,9220086368,H988864,3,1,1,7,0,1,1,0,1,0
19/03/2021,9220086369,H988879,14,3,17,10,0,0,1,0,9,0
19/03/2021,9220086370,H988912,2,0,0,1,2,0,1,1,4,0
19/03/2021,9220086371,H988719,33,4,31,6,9,7,1,3,15,4
19/03/2021,9220086374,H988900,81,9,67,13,25,16,5,2,18,8
19/03/2021,9220086376,H988979,33,12,35,12,6,11,6,3,5,6
19/03/2021,9220086377,H989136,6,1,6,1,1,1,0,1,3,1
19/03/2021,9220086380,H989124,12,3,8,4,0,6,3,3,1,2
19/03/2021,9220086381,H989138,9,0,7,3,1,1,1,0,5,0
19/03/2021,9220086383,H988803,5,3,6,1,0,0,0,0,6,1
19/03/2021,9220086384,H988886,1,0,8,13,1,4,0,0,0,0
19/03/2021,9220086386,H988878,6,1,8,0,2,0,1,0,1,0
19/03/2021,9220086387,H989141,26,5,21,2,10,28,4,3,5,0
19/03/2021,9220086389,H989091,2,0,2,4,0,10,9,0,1,0
19/03/2021,9220086390,H989094,75,23,52,11,24,18,5,6,8,3
19/03/2021,9220086391,H989095,10,1,4,1,3,1,0,0,4,0
19/03/2021,9220086392,H989023,3,2,4,1,0,5,2,0,3,3
19/03/2021,9220086394,H989024,30,6,16,7,11,18,8,6,7,0
19/03/2021,9220086395,H989121,2,2,5,4,0,0,1,1,1,0
19/03/2021,9220086396,H989119,8,2,16,3,2,3,3,0,5,1
19/03/2021,9220086397,H989112,3,2,11,4,0,0,0,0,8,1
19/03/2021,9220086398,H989109,21,3,52,10,1,1,1,0,7,0
19/03/2021,9220086399,H989117,50,15,27,4,7,2,5,1,5,1
19/03/2021,9220086400,H989120,31,15,49,20,1,4,1,0,15,4
19/03/2021,9220086402,H989092,65,18,77,17,4,6,1,1,26,2
19/03/2021,9220086403,H989097,35,13,42,17,3,6,1,1,20,10
19/03/2021,9220086405,H989102,3,0,3,0,0,0,0,0,3,0
19/03/2021,9220086406,H989104,19,21,23,23,3,2,1,2,23,11
19/03/2021,9220086407,H989105,18,1,32,4,1,2,0,0,8,1
19/03/2021,9220086408,H989108,7,5,17,2,2,2,0,0,3,0
19/03/2021,9220086409,H989129,11,4,9,4,0,0,0,0,3,1
19/03/2021,9220086410,H988812,0,0,1,0,0,0,0,0,1,0
19/03/2021,9220086411,H989137,8,2,11,16,0,1,0,0,5,1
19/03/2021,9220086412,H988907,10,6,2,2,1,1,0,0,0,0
19/03/2021,9220086413,H989140,14,2,24,11,1,2,0,0,4,3
19/03/2021,9220086414,H989021,8,8,20,20,0,5,2,2,12,3
19/03/2021,9220086415,H988906,6,1,23,8,2,1,2,0,5,1
19/03/2021,9220086417,H988824,33,14,32,4,1,1,0,1,21,2
19/03/2021,9220086418,H988808,33,10,39,7,2,2,1,0,6,0
19/03/2021,9220086419,H989126,9,6,9,0,0,0,1,0,3,0
19/03/2021,9220086421,H989127,36,9,59,11,3,2,2,0,11,1
19/03/2021,9220086422,H989130,1,1,2,2,0,0,0,0,3,2
19/03/2021,9220086424,H989113,0,0,0,0,0,0,0,0,0,0
19/03/2021,9220086425,H989134,10,2,17,7,3,3,3,1,6,2
19/03/2021,9220086426,H989132,20,6,46,12,6,5,2,4,12,1
19/03/2021,9220086430,H989139,2,4,0,0,0,0,0,0,1,0
20/03/2021,9220086353,H989131,28,6,24,4,9,1,3,0,1,0
20/03/2021,9220086354,H989101,30,7,36,10,4,8,3,2,15,2
20/03/2021,9220086355,H989010,6,2,2,1,3,0,0,0,1,0
20/03/2021,9220086357,H988809,0,0,0,0,0,0,0,0,0,0
20/03/2021,9220086359,H989114,0,2,11,1,0,3,2,2,4,1
20/03/2021,9220086362,H989146,46,9,50,15,15,16,10,3,6,4
20/03/2021,9220086363,H988798,1,2,2,3,0,0,1,0,8,1
20/03/2021,9220086365,H988712,9,2,12,3,2,4,7,4,2,1
20/03/2021,9220086367,H988863,1,0,2,0,0,0,0,0,3,0
20/03/2021,9220086368,H988864,3,1,6,1,0,0,0,0,1,1
20/03/2021,9220086369,H988879,23,6,30,3,5,3,0,0,14,3
20/03/2021,9220086370,H988912,2,1,0,0,2,0,1,0,1,0
20/03/2021,9220086371,H988719,58,10,73,16,10,10,2,0,33,6
20/03/2021,9220086374,H988900,78,8,140,30,30,34,6,5,20,3
20/03/2021,9220086376,H988979,15,3,25,8,1,4,3,1,3,5
20/03/2021,9220086377,H989136,8,2,9,6,2,3,0,1,6,1
20/03/2021,9220086380,H989124,13,2,10,7,1,3,1,0,3,0
20/03/2021,9220086381,H989138,15,3,17,3,1,1,1,0,5,2
20/03/2021,9220086383,H988803,1,1,4,0,0,0,0,0,3,0
20/03/2021,9220086384,H988886,0,0,3,8,0,1,0,0,0,0
20/03/2021,9220086386,H988878,5,5,11,2,1,1,0,0,1,0
20/03/2021,9220086387,H989141,48,9,31,8,12,69,14,5,8,0
20/03/2021,9220086389,H989091,7,4,11,3,11,10,2,1,4,0
20/03/2021,9220086390,H989094,100,25,55,13,18,27,9,4,12,1
20/03/2021,9220086391,H989095,0,0,8,3,2,0,0,2,2,0
20/03/2021,9220086392,H989023,15,4,11,4,3,4,4,3,1,0
20/03/2021,9220086394,H989024,37,4,19,4,10,14,4,3,3,0
20/03/2021,9220086395,H989121,5,7,7,2,5,2,4,0,3,0
20/03/2021,9220086396,H989119,12,2,33,6,0,2,1,0,12,5
20/03/2021,9220086397,H989112,7,0,14,12,0,1,0,2,4,1
20/03/2021,9220086398,H989109,43,8,80,19,2,2,1,1,8,0
20/03/2021,9220086399,H989117,31,6,38,7,4,3,3,0,8,7
20/03/2021,9220086400,H989120,26,8,42,9,2,0,4,0,11,3
20/03/2021,9220086402,H989092,64,14,86,8,8,7,1,2,27,4
20/03/2021,9220086403,H989097,41,14,78,24,4,6,2,0,29,4
20/03/2021,9220086405,H989102,2,1,1,0,0,0,0,0,2,0
20/03/2021,9220086406,H989104,10,2,10,22,3,4,6,2,7,8
20/03/2021,9220086407,H989105,31,6,37,12,6,3,3,4,7,4
20/03/2021,9220086408,H989108,11,3,21,2,1,3,3,0,6,0
20/03/2021,9220086409,H989129,11,5,11,5,0,1,1,0,5,0
20/03/2021,9220086410,H988812,19,4,9,1,0,0,0,0,4,0
20/03/2021,9220086411,H989137,8,3,10,4,0,1,0,0,2,0
20/03/2021,9220086412,H988907,17,7,12,8,2,0,0,0,2,0
20/03/2021,9220086413,H989140,21,6,29,4,0,0,1,0,2,6
20/03/2021,9220086414,H989021,14,4,33,14,2,1,2,0,6,0
20/03/2021,9220086415,H988906,4,0,13,4,0,1,0,0,8,0
20/03/2021,9220086417,H988824,41,16,76,15,5,1,1,3,29,8
20/03/2021,9220086418,H988808,37,10,63,20,7,5,3,1,10,2
20/03/2021,9220086419,H989126,9,2,16,1,3,1,1,0,2,1
20/03/2021,9220086421,H989127,40,14,73,8,4,0,1,0,12,2
20/03/2021,9220086422,H989130,0,6,0,0,0,0,1,0,4,4
20/03/2021,9220086423,H989133,20,3,24,2,1,2,0,2,5,3
20/03/2021,9220086424,H989113,2,2,7,2,0,3,0,0,0,0
20/03/2021,9220086425,H989134,11,2,10,10,3,3,1,1,5,2
20/03/2021,9220086426,H989132,9,1,19,3,2,1,1,0,6,0
20/03/2021,9220086427,H989135,5,1,13,1,1,0,0,0,4,0
20/03/2021,9220086430,H989139,1,0,1,0,0,1,1,0,0,0
21/03/2021,9220086355,H989010,0,0,2,1,1,1,2,2,0,0
21/03/2021,9220086357,H988809,0,0,0,0,0,0,0,0,0,0
21/03/2021,9220086368,H988864,0,0,1,0,0,0,0,0,0,0
21/03/2021,9220086369,H988879,2,1,10,3,0,0,0,0,5,2
21/03/2021,9220086376,H988979,10,2,16,7,1,3,1,3,3,0
21/03/2021,9220086381,H989138,4,2,3,0,0,0,0,0,1,0
21/03/2021,9220086383,H988803,0,0,0,0,0,0,0,0,0,0
21/03/2021,9220086392,H989023,0,2,1,3,1,0,1,2,1,0
21/03/2021,9220086394,H989024,0,0,2,0,0,2,0,2,1,0
21/03/2021,9220086396,H989119,2,1,12,1,1,0,0,0,5,6
21/03/2021,9220086397,H989112,4,2,7,2,0,0,0,0,4,0
21/03/2021,9220086398,H989109,39,8,49,16,4,5,7,1,10,2
21/03/2021,9220086399,H989117,9,1,13,4,3,1,3,0,12,2
21/03/2021,9220086400,H989120,12,6,24,27,0,0,1,0,19,10
21/03/2021,9220086405,H989102,2,1,1,0,0,0,0,0,4,1
21/03/2021,9220086406,H989104,10,3,12,11,0,3,1,2,10,7
21/03/2021,9220086407,H989105,6,1,31,9,0,4,0,0,6,3
21/03/2021,9220086408,H989108,2,0,7,2,1,4,0,1,3,0
21/03/2021,9220086411,H989137,1,10,1,0,0,0,0,0,2,2
21/03/2021,9220086412,H988907,1,0,0,0,0,0,0,0,0,0
21/03/2021,9220086413,H989140,23,0,26,3,4,0,0,0,3,0
21/03/2021,9220086414,H989021,0,0,0,0,0,0,0,0,0,0
21/03/2021,9220086417,H988824,8,1,14,1,0,0,0,0,8,3
21/03/2021,9220086418,H988808,36,8,92,26,3,5,3,0,15,3
21/03/2021,9220086419,H989126,3,0,2,1,0,0,0,0,1,0
21/03/2021,9220086421,H989127,38,13,79,18,3,1,0,0,4,1
21/03/2021,9220086422,H989130,2,0,2,3,0,0,0,0,2,0
21/03/2021,9220086424,H989113,0,0,0,0,0,0,0,0,0,0
21/03/2021,9220086427,H989135,12,6,7,3,2,1,0,3,3,0
22/03/2021,9220086353,H989131,33,8,21,4,16,3,3,2,10,0
22/03/2021,9220086354,H989101,37,17,44,12,3,13,2,0,12,2
22/03/2021,9220086355,H989010,11,6,1,0,9,0,3,1,0,0
22/03/2021,9220086357,H988809,0,1,2,2,0,0,0,0,5,2
22/03/2021,9220086359,H989114,3,1,11,3,0,0,0,0,9,5
22/03/2021,9220086362,H989146,63,19,48,13,21,20,7,3,10,2
22/03/2021,9220086363,H988798,0,10,1,8,0,1,3,0,4,14
22/03/2021,9220086364,H989017,0,0,0,0,0,0,0,0,0,0
22/03/2021,9220086365,H988712,6,12,14,5,5,2,3,2,6,1
22/03/2021,9220086367,H988863,1,1,3,0,0,0,0,0,3,1
22/03/2021,9220086368,H988864,6,1,3,1,1,0,0,0,1,1
22/03/2021,9220086369,H988879,11,4,20,18,0,1,1,0,7,1
22/03/2021,9220086370,H988912,2,0,1,1,1,1,0,2,2,0
22/03/2021,9220086371,H988719,40,12,52,15,11,17,10,0,12,4
22/03/2021,9220086374,H988900,108,13,103,19,24,18,7,3,18,5
22/03/2021,9220086376,H988979,33,6,41,17,4,11,5,3,6,1
22/03/2021,9220086377,H989136,9,0,7,4,2,3,4,1,8,0
22/03/2021,9220086380,H989124,44,7,16,14,7,8,2,1,4,1
22/03/2021,9220086381,H989138,12,7,12,3,1,5,2,0,6,3
22/03/2021,9220086383,H988803,0,0,0,0,0,0,0,0,1,2
22/03/2021,9220086384,H988886,2,0,9,2,2,2,2,0,2,1
22/03/2021,9220086386,H988878,4,2,12,9,2,0,0,0,1,0
22/03/2021,9220086387,H989141,78,28,55,20,33,125,30,16,16,2
22/03/2021,9220086389,H989091,17,6,15,7,13,14,8,7,10,3
22/03/2021,9220086390,H989094,104,29,61,12,28,20,9,4,10,3
22/03/2021,9220086391,H989095,2,5,9,2,1,1,1,0,5,1
22/03/2021,9220086392,H989023,9,9,8,3,2,4,0,2,4,3
22/03/2021,9220086394,H989024,37,8,23,2,24,30,7,4,4,1
22/03/2021,9220086395,H989121,15,6,25,4,9,5,2,1,6,0
22/03/2021,9220086396,H989119,10,0,18,6,1,2,0,0,6,8
22/03/2021,9220086397,H989112,9,2,11,2,0,1,2,0,7,2
22/03/2021,9220086398,H989109,23,8,53,7,5,8,0,0,18,4
22/03/2021,9220086399,H989117,50,12,50,7,6,1,5,0,13,2
22/03/2021,9220086400,H989120,18,22,17,25,0,1,1,2,18,20
22/03/2021,9220086402,H989092,93,13,88,19,8,16,5,5,26,9
22/03/2021,9220086403,H989097,80,23,116,27,13,18,7,11,48,17
22/03/2021,9220086405,H989102,5,0,8,3,0,1,0,0,3,0
22/03/2021,9220086406,H989104,26,17,24,15,1,3,0,1,8,4
22/03/2021,9220086407,H989105,42,8,60,14,8,4,2,1,10,4
22/03/2021,9220086408,H989108,11,2,12,5,3,1,1,2,7,2
22/03/2021,9220086410,H988812,15,2,6,1,0,0,0,0,1,0
22/03/2021,9220086411,H989137,24,6,26,15,3,2,5,0,8,3
22/03/2021,9220086412,H988907,15,4,11,9,0,0,0,0,3,1
22/03/2021,9220086413,H989140,9,0,30,6,2,3,2,0,6,0
22/03/2021,9220086414,H989021,11,2,23,5,3,3,0,0,4,1
22/03/2021,9220086415,H988906,9,1,18,2,1,6,2,3,14,2
22/03/2021,9220086417,H988824,52,25,69,12,1,2,1,0,20,5
22/03/2021,9220086418,H988808,54,15,63,10,4,8,3,3,10,2
22/03/2021,9220086419,H989126,18,3,26,10,1,3,1,3,5,1
22/03/2021,9220086421,H989127,53,16,79,19,6,5,2,0,11,2
22/03/2021,9220086422,H989130,7,1,1,1,0,1,4,0,3,3
22/03/2021,9220086423,H989133,9,7,13,5,3,3,0,1,2,1
22/03/2021,9220086424,H989113,0,0,0,0,0,0,0,0,1,1
22/03/2021,9220086425,H989134,12,6,13,4,1,1,1,0,3,0
22/03/2021,9220086426,H989132,24,11,48,11,4,1,4,0,12,3
22/03/2021,9220086430,H989139,0,0,0,0,0,0,0,0,0,0
23/03/2021,9220086353,H989131,24,6,14,5,12,2,5,0,3,0
23/03/2021,9220086354,H989101,43,8,35,14,3,8,1,0,13,0
23/03/2021,9220086355,H989010,8,1,3,1,4,0,3,0,0,0
23/03/2021,9220086357,H988809,0,3,2,1,0,0,0,0,0,0
23/03/2021,9220086359,H989114,0,0,0,1,0,0,0,0,0,2
23/03/2021,9220086362,H989146,17,9,31,6,8,8,8,1,5,0
23/03/2021,9220086363,H988798,1,5,2,1,2,1,1,0,4,1
23/03/2021,9220086364,H989017,1,9,5,1,3,0,1,1,3,1
23/03/2021,9220086365,H988712,7,3,7,8,4,5,4,5,5,1
23/03/2021,9220086367,H988863,2,0,0,0,0,1,0,0,4,4
23/03/2021,9220086368,H988864,3,1,2,0,0,0,1,1,1,0
23/03/2021,9220086369,H988879,9,1,11,6,1,0,0,0,8,6
23/03/2021,9220086370,H988912,2,0,0,0,1,0,0,1,0,0
23/03/2021,9220086371,H988719,42,6,41,12,5,12,2,3,13,9
23/03/2021,9220086374,H988900,85,18,76,5,19,23,11,4,15,3
23/03/2021,9220086376,H988979,17,7,27,4,3,10,4,2,5,0
23/03/2021,9220086377,H989136,5,3,3,0,1,0,0,0,3,1
23/03/2021,9220086380,H989124,20,8,7,7,5,5,4,3,5,2
23/03/2021,9220086381,H989138,14,4,14,3,1,2,0,0,2,3
23/03/2021,9220086383,H988803,0,0,0,0,0,0,0,0,0,0
23/03/2021,9220086384,H988886,6,1,4,4,2,3,1,0,1,0
23/03/2021,9220086386,H988878,6,3,10,6,4,4,3,0,0,0
23/03/2021,9220086387,H989141,42,6,47,12,20,100,24,44,14,2
23/03/2021,9220086389,H989091,10,4,17,3,4,5,3,0,4,1
23/03/2021,9220086390,H989094,74,22,31,4,19,18,6,3,5,5
23/03/2021,9220086391,H989095,7,2,7,6,3,3,1,0,3,0
23/03/2021,9220086392,H989023,6,2,4,4,1,1,0,0,2,0
23/03/2021,9220086394,H989024,35,4,18,7,14,25,4,3,7,1
23/03/2021,9220086395,H989121,3,0,4,0,1,0,0,0,0,0
23/03/2021,9220086396,H989119,5,1,13,3,2,1,1,1,3,0
23/03/2021,9220086397,H989112,14,1,11,2,0,0,0,0,4,1
23/03/2021,9220086398,H989109,14,7,48,15,0,2,1,1,9,4
23/03/2021,9220086399,H989117,39,12,21,1,4,3,0,0,12,2
23/03/2021,9220086400,H989120,19,12,39,36,2,2,10,2,27,9
23/03/2021,9220086402,H989092,58,23,70,13,4,11,1,2,21,1
23/03/2021,9220086405,H989102,20,8,19,8,3,2,0,0,6,1
23/03/2021,9220086406,H989104,7,3,23,15,4,3,6,3,12,3
23/03/2021,9220086407,H989105,28,3,22,2,1,4,0,1,8,1
23/03/2021,9220086408,H989108,8,1,25,9,0,1,0,0,8,1
23/03/2021,9220086410,H988812,10,2,8,3,1,0,0,0,2,3
23/03/2021,9220086411,H989137,18,0,17,4,2,3,0,0,8,2
23/03/2021,9220086412,H988907,16,8,6,1,1,0,2,0,1,1
23/03/2021,9220086413,H989140,25,3,21,6,1,2,0,1,1,0
23/03/2021,9220086414,H989021,26,3,16,7,2,4,3,8,6,2
23/03/2021,9220086415,H988906,16,9,29,0,0,3,1,0,12,1
23/03/2021,9220086417,H988824,37,16,61,15,2,1,1,0,20,6
23/03/2021,9220086418,H988808,45,7,58,8,2,8,2,0,16,3
23/03/2021,9220086419,H989126,11,2,10,6,1,2,1,0,3,0
23/03/2021,9220086421,H989127,39,7,75,11,4,5,4,3,9,0
23/03/2021,9220086422,H989130,6,5,3,2,0,0,1,0,3,0
23/03/2021,9220086424,H989113,0,1,1,0,0,0,0,0,0,0
23/03/2021,9220086425,H989134,15,0,19,6,2,3,0,2,6,0
23/03/2021,9220086426,H989132,15,1,28,3,2,4,3,0,8,1
23/03/2021,9220086430,H989139,2,0,0,0,0,0,0,0,0,0
24/03/2021,9220086353,H989131,30,3,10,4,4,1,1,1,4,2
24/03/2021,9220086354,H989101,24,7,27,5,5,6,2,1,8,5
24/03/2021,9220086355,H989010,11,3,2,2,0,1,0,2,1,1
24/03/2021,9220086357,H988809,1,10,3,1,0,0,0,0,0,0
24/03/2021,9220086362,H989146,50,12,37,10,7,12,4,7,10,2
24/03/2021,9220086363,H988798,3,1,2,0,2,2,0,1,4,2
24/03/2021,9220086364,H989017,5,3,3,4,3,0,2,2,2,0
24/03/2021,9220086365,H988712,10,9,13,7,4,8,4,0,0,0
24/03/2021,9220086367,H988863,1,0,0,1,0,0,0,0,1,1
24/03/2021,9220086368,H988864,6,0,3,0,2,1,4,0,3,0
24/03/2021,9220086369,H988879,8,3,14,5,0,2,0,0,7,4
24/03/2021,9220086370,H988912,3,1,1,2,1,0,0,0,0,0
24/03/2021,9220086371,H988719,60,9,26,8,6,13,1,4,16,1
24/03/2021,9220086374,H988900,106,11,61,12,25,24,2,1,27,4
24/03/2021,9220086376,H988979,29,15,31,7,6,9,1,3,6,1
24/03/2021,9220086377,H989136,1,0,2,2,0,1,0,0,1,0
24/03/2021,9220086380,H989124,30,10,15,11,7,10,5,1,1,1
24/03/2021,9220086381,H989138,15,4,12,0,0,0,1,0,4,1
24/03/2021,9220086383,H988803,0,0,0,0,0,0,0,0,7,1
24/03/2021,9220086384,H988886,3,2,2,1,3,2,0,0,0,0
24/03/2021,9220086386,H988878,4,1,6,3,0,0,0,0,0,0
24/03/2021,9220086387,H989141,24,9,14,3,13,27,6,4,5,2
24/03/2021,9220086389,H989091,4,7,4,5,4,3,4,1,2,0
24/03/2021,9220086390,H989094,83,26,50,16,14,20,2,4,10,2
24/03/2021,9220086391,H989095,4,0,9,5,0,3,0,0,4,1
24/03/2021,9220086392,H989023,2,5,3,1,0,2,0,0,1,0
24/03/2021,9220086394,H989024,54,8,17,3,13,36,3,4,4,1
24/03/2021,9220086395,H989121,4,0,5,1,1,7,0,1,0,0
24/03/2021,9220086396,H989119,7,0,13,7,2,0,0,0,7,2
24/03/2021,9220086397,H989112,4,1,11,3,2,0,0,0,7,0
24/03/2021,9220086398,H989109,39,12,57,8,0,2,0,0,10,2
24/03/2021,9220086399,H989117,38,6,37,2,2,3,3,2,10,0
24/03/2021,9220086400,H989120,28,9,40,27,0,1,1,0,19,5
24/03/2021,9220086402,H989092,59,16,64,14,6,14,3,1,24,1
24/03/2021,9220086403,H989097,0,0,0,0,0,0,0,0,0,0
24/03/2021,9220086405,H989102,16,2,25,6,0,3,0,1,7,0
24/03/2021,9220086406,H989104,24,8,18,16,1,4,3,1,9,10
24/03/2021,9220086407,H989105,18,5,27,9,1,3,2,0,9,0
24/03/2021,9220086408,H989108,12,5,17,1,3,1,5,2,4,0
24/03/2021,9220086410,H988812,16,7,9,2,1,1,1,0,5,0
24/03/2021,9220086411,H989137,14,8,14,6,1,0,0,0,8,3
24/03/2021,9220086412,H988907,7,2,7,4,0,0,0,0,2,0
24/03/2021,9220086413,H989140,15,1,17,7,5,3,2,0,5,0
24/03/2021,9220086414,H989021,19,4,20,14,1,3,2,6,4,0
24/03/2021,9220086415,H988906,19,6,16,2,1,3,2,0,8,0
24/03/2021,9220086417,H988824,39,19,51,15,1,1,2,0,16,9
24/03/2021,9220086418,H988808,46,8,67,17,4,7,1,2,19,3
24/03/2021,9220086419,H989126,10,1,16,3,1,1,0,2,6,1
24/03/2021,9220086421,H989127,46,15,62,18,2,8,0,1,8,2
24/03/2021,9220086422,H989130,1,1,3,2,0,1,2,2,5,2
24/03/2021,9220086423,H989133,8,2,14,5,2,1,0,2,4,0
24/03/2021,9220086424,H989113,5,0,3,0,0,0,0,0,0,0
24/03/2021,9220086425,H989134,7,2,14,5,0,1,0,0,7,1
24/03/2021,9220086426,H989132,26,12,48,7,3,1,3,3,6,2
24/03/2021,9220086427,H989135,17,4,18,11,0,0,1,7,4,0
24/03/2021,9220086430,H989139,0,2,0,0,0,0,0,0,0,0
25/03/2021,9220086353,H989131,38,8,14,5,2,3,0,0,0,0
25/03/2021,9220086354,H989101,29,5,34,7,6,13,8,1,23,3
25/03/2021,9220086355,H989010,3,0,0,0,2,1,2,2,0,0
25/03/2021,9220086357,H988809,0,3,3,0,0,0,2,0,2,1
25/03/2021,9220086362,H989146,39,10,33,5,12,7,5,0,8,0
25/03/2021,9220086363,H988798,2,4,5,5,2,1,6,2,2,1
25/03/2021,9220086364,H989017,9,6,10,2,2,0,1,0,2,0
25/03/2021,9220086365,H988712,10,4,14,3,2,2,1,2,4,1
25/03/2021,9220086366,H988910,2,2,0,0,0,0,1,0,2,1
25/03/2021,9220086367,H988863,1,0,7,5,1,0,1,1,6,4
25/03/2021,9220086368,H988864,9,5,4,0,0,0,0,0,4,0
25/03/2021,9220086369,H988879,13,10,15,7,1,2,5,0,13,3
25/03/2021,9220086370,H988912,1,1,0,0,0,0,0,0,2,0
25/03/2021,9220086371,H988719,40,5,37,8,7,15,1,2,9,3
25/03/2021,9220086374,H988900,94,12,83,21,24,17,10,4,28,7
25/03/2021,9220086376,H988979,24,9,28,7,2,6,3,2,2,0
25/03/2021,9220086377,H989136,7,1,4,3,1,0,0,0,1,0
25/03/2021,9220086380,H989124,14,4,11,14,1,2,1,2,2,1
25/03/2021,9220086381,H989138,10,2,10,2,2,2,1,0,5,0
25/03/2021,9220086383,H988803,0,0,0,0,0,0,0,0,1,0
25/03/2021,9220086384,H988886,1,0,2,2,2,2,0,1,0,0
25/03/2021,9220086386,H988878,4,0,10,4,0,0,0,0,0,0
25/03/2021,9220086387,H989141,57,13,2,3,21,58,11,8,4,0
25/03/2021,9220086389,H989091,11,2,7,5,1,5,1,2,3,1
25/03/2021,9220086390,H989094,83,19,33,5,21,15,5,0,5,1
25/03/2021,9220086391,H989095,8,6,8,2,1,0,0,0,6,2
25/03/2021,9220086392,H989023,2,2,0,0,1,0,1,0,1,3
25/03/2021,9220086394,H989024,38,8,18,4,16,33,4,6,4,0
25/03/2021,9220086395,H989121,3,2,5,1,1,3,1,0,0,0
25/03/2021,9220086396,H989119,7,3,30,9,2,0,0,1,12,1
25/03/2021,9220086397,H989112,9,1,10,3,1,0,0,0,3,1
25/03/2021,9220086398,H989109,24,2,65,25,2,3,1,3,9,3
25/03/2021,9220086399,H989117,28,3,40,3,1,5,1,0,11,4
25/03/2021,9220086400,H989120,37,17,50,15,2,3,3,1,25,7
25/03/2021,9220086402,H989092,67,12,83,8,9,12,4,6,23,5
25/03/2021,9220086403,H989097,37,11,59,15,2,12,2,5,21,6
25/03/2021,9220086405,H989102,9,1,17,4,1,3,1,0,2,0
25/03/2021,9220086406,H989104,23,6,14,14,1,4,7,9,18,6
25/03/2021,9220086407,H989105,25,4,37,4,3,7,3,2,10,4
25/03/2021,9220086408,H989108,12,1,22,2,2,3,1,2,3,0
25/03/2021,9220086410,H988812,2,3,5,1,1,0,1,1,1,0
25/03/2021,9220086411,H989137,18,5,20,6,2,0,2,0,5,2
25/03/2021,9220086412,H988907,16,2,6,0,0,0,2,1,0,0
25/03/2021,9220086413,H989140,15,10,28,6,3,0,0,0,3,0
25/03/2021,9220086414,H989021,9,3,21,6,0,2,2,5,5,3
25/03/2021,9220086415,H988906,10,4,22,3,0,0,0,0,13,3
25/03/2021,9220086417,H988824,41,25,63,42,4,6,9,3,18,12
25/03/2021,9220086418,H988808,56,6,65,15,2,11,3,0,14,7
25/03/2021,9220086419,H989126,14,2,15,7,0,2,1,0,3,0
25/03/2021,9220086421,H989127,60,20,130,29,2,7,2,3,19,2
25/03/2021,9220086422,H989130,1,2,1,3,0,2,1,1,6,4
25/03/2021,9220086423,H989133,6,2,16,1,2,2,0,4,5,0
25/03/2021,9220086424,H989113,0,0,1,0,0,0,0,0,0,0
25/03/2021,9220086425,H989134,22,8,14,9,0,0,0,0,6,2
25/03/2021,9220086426,H989132,18,7,36,9,1,2,1,0,6,3
25/03/2021,9220086427,H989135,3,2,12,3,0,0,0,0,3,0
25/03/2021,9220086430,H989139,1,0,0,0,0,0,0,0,0,0
26/03/2021,9220086353,H989131,71,7,28,3,8,1,1,0,6,2
26/03/2021,9220086354,H989101,35,11,24,7,2,6,2,4,16,2
26/03/2021,9220086355,H989010,9,7,3,0,0,3,0,0,0,0
26/03/2021,9220086356,H989016,0,8,2,2,0,0,1,0,5,2
26/03/2021,9220086357,H988809,3,2,4,2,0,0,0,0,0,0
26/03/2021,9220086362,H989146,37,12,38,10,10,4,5,0,7,1
26/03/2021,9220086363,H988798,4,4,2,2,2,0,5,3,3,0
26/03/2021,9220086364,H989017,2,0,9,7,1,0,0,0,3,0
26/03/2021,9220086365,H988712,12,1,15,2,0,4,0,1,4,0
26/03/2021,9220086366,H988910,0,0,0,0,0,0,0,0,0,0
26/03/2021,9220086367,H988863,0,1,2,1,0,0,0,0,1,4
26/03/2021,9220086368,H988864,4,0,6,1,0,0,0,0,6,2
26/03/2021,9220086369,H988879,19,5,22,11,1,3,2,1,16,8
26/03/2021,9220086370,H988912,3,0,2,0,0,0,0,0,0,0
26/03/2021,9220086371,H988719,43,6,24,8,4,11,4,2,10,2
26/03/2021,9220086374,H988900,83,14,99,19,30,31,4,6,24,3
26/03/2021,9220086376,H988979,31,6,32,8,5,6,4,2,8,1
26/03/2021,9220086377,H989136,19,6,12,5,5,4,1,2,4,0
26/03/2021,9220086380,H989124,19,12,10,6,0,5,1,1,1,1
26/03/2021,9220086381,H989138,15,11,15,7,0,0,0,2,6,3
26/03/2021,9220086383,H988803,0,0,0,0,0,0,0,0,1,0
26/03/2021,9220086384,H988886,4,0,5,9,3,4,0,0,0,0
26/03/2021,9220086386,H988878,6,5,9,2,0,0,0,0,0,0
26/03/2021,9220086387,H989141,38,13,0,5,31,60,11,11,4,3
26/03/2021,9220086389,H989091,7,4,5,5,4,4,3,0,2,1
26/03/2021,9220086390,H989094,42,15,22,4,8,7,2,1,2,0
26/03/2021,9220086391,H989095,7,4,6,1,0,0,0,0,4,0
26/03/2021,9220086392,H989023,1,1,4,0,0,0,0,0,6,0
26/03/2021,9220086394,H989024,31,0,29,4,10,17,4,6,8,2
26/03/2021,9220086395,H989121,3,1,8,5,1,4,1,0,3,0
26/03/2021,9220086396,H989119,9,2,16,10,1,1,0,0,6,1
26/03/2021,9220086397,H989112,6,1,8,4,0,0,0,0,4,6
26/03/2021,9220086398,H989109,33,9,54,8,2,3,1,2,7,0
26/03/2021,9220086399,H989117,52,6,32,5,2,4,3,0,9,1
26/03/2021,9220086400,H989120,39,7,55,30,2,4,3,3,27,6
26/03/2021,9220086402,H989092,67,11,81,18,9,10,4,3,22,1
26/03/2021,9220086403,H989097,49,29,96,32,6,4,2,3,35,6
26/03/2021,9220086405,H989102,10,1,12,3,2,3,0,2,6,0
26/03/2021,9220086406,H989104,25,19,28,14,5,10,6,4,22,5
26/03/2021,9220086407,H989105,26,7,41,10,2,3,2,3,10,1
26/03/2021,9220086408,H989108,6,0,18,10,2,0,7,0,4,0
26/03/2021,9220086410,H988812,9,3,11,0,1,0,0,0,1,1
26/03/2021,9220086411,H989137,11,8,13,5,3,0,0,0,3,4
26/03/2021,9220086412,H988907,6,1,5,1,0,0,0,0,1,0
26/03/2021,9220086413,H989140,12,3,31,12,1,1,2,0,3,1
26/03/2021,9220086414,H989021,18,10,32,12,1,2,4,1,8,0
26/03/2021,9220086415,H988906,13,3,23,5,4,1,2,1,9,1
26/03/2021,9220086417,H988824,33,16,53,20,1,4,4,3,15,5
26/03/2021,9220086418,H988808,41,10,64,11,1,5,1,0,13,2
26/03/2021,9220086419,H989126,12,2,25,4,1,1,0,0,0,0
26/03/2021,9220086420,H988838,0,0,0,0,0,0,0,0,0,0
26/03/2021,9220086421,H989127,39,12,73,8,2,3,0,0,10,0
26/03/2021,9220086422,H989130,0,0,1,1,1,0,1,0,6,4
26/03/2021,9220086424,H989113,0,0,0,2,0,0,0,0,0,0
26/03/2021,9220086425,H989134,4,0,5,2,0,2,1,0,1,0
26/03/2021,9220086426,H989132,11,3,42,6,1,0,0,0,8,0
26/03/2021,9220086427,H989135,13,11,14,2,0,1,0,0,8,1
26/03/2021,9220086430,H989139,0,0,0,0,0,0,0,0,0,0
27/03/2021,9220086353,H989131,57,4,37,5,6,4,2,0,14,0
27/03/2021,9220086354,H989101,25,8,36,11,5,9,2,0,6,4
27/03/2021,9220086355,H989010,5,4,3,0,4,1,2,3,0,0
27/03/2021,9220086356,H989016,5,1,3,1,0,0,0,0,5,1
27/03/2021,9220086357,H988809,1,6,3,3,0,3,0,1,0,0
27/03/2021,9220086362,H989146,49,9,49,16,17,17,10,2,19,6
27/03/2021,9220086363,H988798,3,2,6,2,2,2,1,1,5,0
27/03/2021,9220086364,H989017,8,2,16,8,2,4,2,0,2,0
27/03/2021,9220086365,H988712,4,0,8,1,1,2,0,0,2,0
27/03/2021,9220086366,H988910,0,0,0,0,0,0,0,0,0,0
27/03/2021,9220086367,H988863,0,0,0,0,0,0,0,0,0,0
27/03/2021,9220086368,H988864,2,0,3,0,0,0,0,0,1,0
27/03/2021,9220086369,H988879,18,5,20,12,1,1,3,1,16,5
27/03/2021,9220086370,H988912,0,0,0,0,0,1,1,0,1,0
27/03/2021,9220086371,H988719,55,8,66,13,12,16,5,5,29,15
27/03/2021,9220086374,H988900,83,12,77,6,16,20,3,2,18,1
27/03/2021,9220086376,H988979,22,4,26,5,1,4,1,0,5,0
27/03/2021,9220086377,H989136,0,0,0,0,0,0,0,0,0,0
27/03/2021,9220086380,H989124,13,2,8,5,2,8,3,0,0,1
27/03/2021,9220086381,H989138,4,0,14,4,2,4,5,0,5,2
27/03/2021,9220086383,H988803,1,0,8,1,0,0,4,1,4,0
27/03/2021,9220086384,H988886,2,0,2,0,2,0,0,0,0,0
27/03/2021,9220086386,H988878,6,2,8,1,1,2,0,0,1,0
27/03/2021,9220086387,H989141,19,5,0,0,4,31,4,9,1,3
27/03/2021,9220086389,H989091,11,6,9,4,4,2,1,2,4,1
27/03/2021,9220086391,H989095,0,0,0,0,0,0,0,0,0,0
27/03/2021,9220086392,H989023,0,0,0,0,0,0,0,0,1,1
27/03/2021,9220086394,H989024,23,6,8,2,6,12,1,3,6,0
27/03/2021,9220086395,H989121,7,2,11,3,3,3,0,0,1,0
27/03/2021,9220086396,H989119,7,0,21,3,2,2,0,1,6,1
27/03/2021,9220086397,H989112,12,13,11,3,0,0,0,0,6,3
27/03/2021,9220086398,H989109,60,8,111,26,3,1,4,0,10,2
27/03/2021,9220086399,H989117,42,11,39,8,3,0,1,0,11,4
27/03/2021,9220086400,H989120,33,5,47,22,2,3,4,0,11,5
27/03/2021,9220086402,H989092,48,11,68,8,5,7,3,1,21,3
27/03/2021,9220086403,H989097,27,4,64,15,12,5,4,2,17,2
27/03/2021,9220086405,H989102,8,4,14,1,0,4,1,0,5,1
27/03/2021,9220086406,H989104,23,14,15,15,1,2,2,1,16,4
27/03/2021,9220086407,H989105,19,3,34,11,1,5,2,1,6,4
27/03/2021,9220086408,H989108,19,5,27,5,6,2,3,0,13,4
27/03/2021,9220086410,H988812,3,0,1,0,0,0,0,0,0,0
27/03/2021,9220086411,H989137,21,4,31,8,0,0,0,0,6,5
27/03/2021,9220086412,H988907,11,2,7,2,0,1,1,0,0,0
27/03/2021,9220086413,H989140,25,9,36,14,4,0,1,0,3,3
27/03/2021,9220086414,H989021,13,4,40,10,2,1,1,1,12,2
27/03/2021,9220086415,H988906,15,2,23,6,3,2,0,0,8,0
27/03/2021,9220086417,H988824,31,9,72,12,4,4,0,1,11,5
27/03/2021,9220086418,H988808,81,18,128,23,6,12,6,1,19,4
27/03/2021,9220086419,H989126,9,1,24,7,2,2,1,1,3,0
27/03/2021,9220086421,H989127,44,18,103,19,8,5,5,2,17,3
27/03/2021,9220086422,H989130,3,3,1,0,1,2,1,0,3,2
27/03/2021,9220086423,H989133,13,3,7,4,0,0,0,0,2,0
27/03/2021,9220086424,H989113,0,1,3,5,0,0,0,0,0,0
27/03/2021,9220086426,H989132,35,3,49,9,7,4,8,0,14,1
27/03/2021,9220086427,H989135,4,0,14,2,1,2,0,0,3,0
27/03/2021,9220086430,H989139,5,1,2,1,0,0,0,0,0,0
28/03/2021,9220086355,H989010,2,0,1,0,1,0,0,0,0,0
28/03/2021,9220086356,H989016,0,0,0,0,0,0,0,0,0,0
28/03/2021,9220086357,H988809,0,3,3,1,0,0,0,0,0,0
28/03/2021,9220086363,H988798,0,0,0,0,0,0,0,0,1,0
28/03/2021,9220086364,H989017,3,0,9,3,0,1,1,1,3,4
28/03/2021,9220086368,H988864,0,0,0,0,0,0,0,0,0,0
28/03/2021,9220086369,H988879,7,4,14,11,1,0,0,0,10,7
28/03/2021,9220086370,H988912,0,0,0,0,0,0,0,0,0,0
28/03/2021,9220086371,H988719,16,1,25,8,2,1,0,1,9,2
28/03/2021,9220086381,H989138,6,1,5,0,1,1,0,0,1,0
28/03/2021,9220086383,H988803,0,0,0,0,0,0,0,0,0,0
28/03/2021,9220086392,H989023,0,0,1,0,0,0,0,0,0,0
28/03/2021,9220086394,H989024,1,0,5,3,3,2,1,3,1,0
28/03/2021,9220086396,H989119,1,0,11,5,0,0,1,1,5,1
28/03/2021,9220086397,H989112,0,0,3,2,1,0,0,0,3,0
28/03/2021,9220086398,H989109,17,8,34,9,3,2,3,0,4,1
28/03/2021,9220086399,H989117,9,2,8,0,1,3,3,0,4,1
28/03/2021,9220086400,H989120,22,4,30,4,0,1,0,0,12,1
28/03/2021,9220086405,H989102,9,1,25,6,1,1,1,0,5,0
28/03/2021,9220086406,H989104,14,11,33,37,4,4,3,0,14,7
28/03/2021,9220086407,H989105,12,2,39,4,4,3,1,0,3,0
28/03/2021,9220086408,H989108,0,0,0,0,0,0,0,0,0,0
28/03/2021,9220086411,H989137,7,1,6,2,0,0,0,0,2,0
28/03/2021,9220086413,H989140,0,0,0,0,0,0,0,0,0,0
28/03/2021,9220086414,H989021,5,1,16,6,1,1,0,1,0,0
28/03/2021,9220086417,H988824,18,3,34,5,1,2,1,0,5,1
28/03/2021,9220086418,H988808,19,2,26,6,3,2,2,0,4,0
28/03/2021,9220086419,H989126,6,0,11,2,0,0,0,0,0,0
28/03/2021,9220086421,H989127,26,10,72,15,7,2,3,0,1,0
28/03/2021,9220086422,H989130,5,2,1,0,0,3,2,0,2,1
28/03/2021,9220086426,H989132,0,0,10,2,0,0,0,0,3,1
28/03/2021,9220086427,H989135,0,0,0,0,0,0,0,0,0,0
28/03/2021,9220086430,H989139,1,0,1,0,0,0,0,0,1,0
